<?xml version='1.1' encoding='UTF-8'?>
<user>
  <version>10</version>
  <id>admin</id>
  <fullName>ESONHUGH</fullName>
  <description></description>
  <properties>
    <jenkins.security.ApiTokenProperty>
      <tokenStore>
        <tokenList/>
      </tokenStore>
    </jenkins.security.ApiTokenProperty>
    <com.cloudbees.plugins.credentials.UserCredentialsProvider_-UserCredentialsProperty plugin="credentials@1074.v60e6c29b_b_44b_">
      <domainCredentialsMap class="hudson.util.CopyOnWriteMap$Hash">
        <entry>
          <com.cloudbees.plugins.credentials.domains.Domain>
            <specifications/>
          </com.cloudbees.plugins.credentials.domains.Domain>
          <java.util.concurrent.CopyOnWriteArrayList/>
        </entry>
      </domainCredentialsMap>
    </com.cloudbees.plugins.credentials.UserCredentialsProvider_-UserCredentialsProperty>
    <hudson.tasks.Mailer_-UserProperty plugin="mailer@408.vd726a_1130320">
      <emailAddress>jenkins@eson.ninja</emailAddress>
    </hudson.tasks.Mailer_-UserProperty>
    <hudson.plugins.emailext.watching.EmailExtWatchAction_-UserProperty plugin="email-ext@2.87">
      <triggers/>
    </hudson.plugins.emailext.watching.EmailExtWatchAction_-UserProperty>
    <hudson.model.MyViewsProperty>
      <primaryViewName></primaryViewName>
      <views>
        <hudson.model.AllView>
          <owner class="hudson.model.MyViewsProperty" reference="../../.."/>
          <name>all</name>
          <filterExecutors>false</filterExecutors>
          <filterQueue>false</filterQueue>
          <properties class="hudson.model.View$PropertyList"/>
        </hudson.model.AllView>
      </views>
    </hudson.model.MyViewsProperty>
    <org.jenkinsci.plugins.displayurlapi.user.PreferredProviderUserProperty plugin="display-url-api@2.3.5">
      <providerId>default</providerId>
    </org.jenkinsci.plugins.displayurlapi.user.PreferredProviderUserProperty>
    <hudson.model.PaneStatusProperties>
      <collapsed/>
    </hudson.model.PaneStatusProperties>
    <hudson.security.HudsonPrivateSecurityRealm_-Details>
      <passwordHash>#jbcrypt:$2a$10$tIwQcpECIw5Tkf98NtimDe7YzMpFf5WthWKLVqsQJH69gFBS/2leC</passwordHash>
    </hudson.security.HudsonPrivateSecurityRealm_-Details>
    <org.jenkinsci.main.modules.cli.auth.ssh.UserPropertyImpl plugin="sshd@3.1.0">
      <authorizedKeys></authorizedKeys>
    </org.jenkinsci.main.modules.cli.auth.ssh.UserPropertyImpl>
    <jenkins.security.seed.UserSeedProperty>
      <seed>84324868542e491b</seed>
    </jenkins.security.seed.UserSeedProperty>
    <hudson.search.UserSearchProperty>
      <insensitiveSearch>true</insensitiveSearch>
    </hudson.search.UserSearchProperty>
    <hudson.model.TimeZoneProperty>
      <timeZoneName></timeZoneName>
    </hudson.model.TimeZoneProperty>
  </properties>
</user>